{
  "courses": [
    {
      "id": "c001",
      "name": "ASSESSMENT"
    },
    {
      "id": "c002",
      "name": "Abdominal pain and constipation"
    },
    {
      "id": "c003",
      "name": "Acid-Base Disorders"
    },
    {
      "id": "c004",
      "name": "Acute Kidney Injury"
    },
    {
      "id": "c005",
      "name": "Acute diarrhea and food poisoning"
    },
    {
      "id": "c006",
      "name": "Approach to adult dysphagia-surgical evaluation and treatment"
    },
    {
      "id": "c007",
      "name": "Approach to jaundice"
    },
    {
      "id": "c008",
      "name": "Approach to patients with cardiac emergencies"
    },
    {
      "id": "c009",
      "name": "Approach to pts with acute chest pain"
    },
    {
      "id": "c010",
      "name": "Approach to pts with cardiometabolic risk factors"
    },
    {
      "id": "c011",
      "name": "Approach to pts with chronic chest pain"
    },
    {
      "id": "c012",
      "name": "Approach to pts with heart failure"
    },
    {
      "id": "c013",
      "name": "Approach to pts with pericardial disease"
    },
    {
      "id": "c014",
      "name": "Approach to pts with presyncope/syncope"
    },
    {
      "id": "c015",
      "name": "Approach to pts with systemic diseases affecting the heart"
    },
    {
      "id": "c016",
      "name": "Approach to pts with tachyarrhythmias and bradyarrhythmias"
    },
    {
      "id": "c017",
      "name": "Approach to pts with thrombocytosis and polycythemia"
    },
    {
      "id": "c018",
      "name": "Approach to pts with valvular heart diseases"
    },
    {
      "id": "c019",
      "name": "Approach to the Patient with Anemia"
    },
    {
      "id": "c020",
      "name": "Approach to the Patient with Lymphadenopathy (LAP)"
    },
    {
      "id": "c021",
      "name": "Approach to the Patient with Splenomegaly"
    },
    {
      "id": "c022",
      "name": "Approach to the patient with cardiac signs and symptoms"
    },
    {
      "id": "c023",
      "name": "Approach to the patient with pancytopenia"
    },
    {
      "id": "c024",
      "name": "Approach to the patient with pulmonary symptoms and signs"
    },
    {
      "id": "c025",
      "name": "Approach to the patients with Congenital Heart Dis. in Adulthood"
    },
    {
      "id": "c026",
      "name": "Approach to thyroid nodules"
    },
    {
      "id": "c027",
      "name": "Approach to and management of diabetic patients"
    },
    {
      "id": "c028",
      "name": "Asthma"
    },
    {
      "id": "c029",
      "name": "Bed-side"
    },
    {
      "id": "c030",
      "name": "Bedside – Outpatient Case Discussion"
    },
    {
      "id": "c031",
      "name": "Behçet‘s disease/ FMF"
    },
    {
      "id": "c032",
      "name": "COPD"
    },
    {
      "id": "c033",
      "name": "Chest Radiology"
    },
    {
      "id": "c034",
      "name": "Chronic Kidney Failure"
    },
    {
      "id": "c035",
      "name": "Chronic diarrhea"
    },
    {
      "id": "c036",
      "name": "Chronic hepatitis"
    },
    {
      "id": "c037",
      "name": "Clinical Tutorial (Bedside)"
    },
    {
      "id": "c038",
      "name": "Clinical Tutorial /Bedside"
    },
    {
      "id": "c039",
      "name": "Clinical Tutorial/ Bedside"
    },
    {
      "id": "c040",
      "name": "Clinical Tutorial/Bedside"
    },
    {
      "id": "c041",
      "name": "Complications of cirrhosis"
    },
    {
      "id": "c042",
      "name": "Diabetic emergencies"
    },
    {
      "id": "c043",
      "name": "Diagnostic procedures"
    },
    {
      "id": "c044",
      "name": "Differential diagnosis of metabolic bone diseases"
    },
    {
      "id": "c045",
      "name": "Dyspepsia and peptic ulcer"
    },
    {
      "id": "c046",
      "name": "ENDOCARDITIS"
    },
    {
      "id": "c047",
      "name": "Endocrine Emergencies"
    },
    {
      "id": "c048",
      "name": "Enteric fever and brucellosis"
    },
    {
      "id": "c049",
      "name": "Examination of the abdomen"
    },
    {
      "id": "c050",
      "name": "Examination of the cardiovascular system and measurement of blood pressure"
    },
    {
      "id": "c051",
      "name": "Examination of the chest and respiratory system"
    },
    {
      "id": "c052",
      "name": "Examination of the extremities and musculoskeletal system"
    },
    {
      "id": "c053",
      "name": "Examination of the head and neck"
    },
    {
      "id": "c054",
      "name": "FUO"
    },
    {
      "id": "c055",
      "name": "Free study time"
    },
    {
      "id": "c056",
      "name": "Free study time for patient file preparation"
    },
    {
      "id": "c057",
      "name": "Free study time for patient file preperation"
    },
    {
      "id": "c060",
      "name": "Gastrointestinal hemorrhage"
    },
    {
      "id": "c061",
      "name": "Glomerulonephritis"
    },
    {
      "id": "c062",
      "name": "Group 2A"
    },
    {
      "id": "c063",
      "name": "Group 2B"
    },
    {
      "id": "c064",
      "name": "History taking"
    },
    {
      "id": "c065",
      "name": "Hyperthyroidism"
    },
    {
      "id": "c066",
      "name": "Hypothyroidism"
    },
    {
      "id": "c067",
      "name": "Inpatient case discussion and interactive differential diagnosis"
    },
    {
      "id": "c068",
      "name": "Interstitial Lung Disease"
    },
    {
      "id": "c069",
      "name": "Intestinal/Blood and Tissue Parasites"
    },
    {
      "id": "c070",
      "name": "Introduction to oncology and general principles"
    },
    {
      "id": "c071",
      "name": "Management of Bleeding Disorders"
    },
    {
      "id": "c072",
      "name": "Management of Diabetes and Thyroid Disorders in Pregnancy"
    },
    {
      "id": "c073",
      "name": "Management of Pleural effusion"
    },
    {
      "id": "c074",
      "name": "Management of Tbc"
    },
    {
      "id": "c075",
      "name": "Meningitis-Meningoencefalitis"
    },
    {
      "id": "c076",
      "name": "Multidisciplinary learning session"
    },
    {
      "id": "c077",
      "name": "Multidisciplinary learning session (Panel)"
    },
    {
      "id": "c078",
      "name": "On the job Learning Session"
    },
    {
      "id": "c079",
      "name": "On-the-job learning and assessment Session"
    },
    {
      "id": "c080",
      "name": "On-the-job learning and assessment session"
    },
    {
      "id": "c081",
      "name": "Oncologic emergencies"
    },
    {
      "id": "c082",
      "name": "PROGRAM EVALUATION"
    },
    {
      "id": "c083",
      "name": "Patient File Discussion"
    },
    {
      "id": "c084",
      "name": "Patient File Preparation"
    },
    {
      "id": "c085",
      "name": "Patient file discussion"
    },
    {
      "id": "c086",
      "name": "Pituitary disorders"
    },
    {
      "id": "c087",
      "name": "Pneumonia"
    },
    {
      "id": "c088",
      "name": "Professionalism and Counseling Session"
    },
    {
      "id": "c089",
      "name": "Professionalism and counseling session"
    },
    {
      "id": "c090",
      "name": "Pulmonary Hypertension"
    },
    {
      "id": "c091",
      "name": "Pulmonary embolism"
    },
    {
      "id": "c092",
      "name": "Reflection session/Chest Medicine"
    },
    {
      "id": "c093",
      "name": "Relationship between patients and doctors: “On being a doctor”"
    },
    {
      "id": "c094",
      "name": "Respiratory Failure"
    },
    {
      "id": "c095",
      "name": "SLE/CTD"
    },
    {
      "id": "c096",
      "name": "Sepsis"
    },
    {
      "id": "c097",
      "name": "Sexually Transmitted Diseases"
    },
    {
      "id": "c098",
      "name": "Tour of wards, departments"
    },
    {
      "id": "c099",
      "name": "Transfusion: Indication, complication and practice"
    },
    {
      "id": "c100",
      "name": "Treatment choices for diabetic patients - Oral anti-diabetics"
    },
    {
      "id": "c101",
      "name": "Upper Respiratory Tract Infections and COVID-19"
    },
    {
      "id": "c102",
      "name": "Urinary Tract Infections"
    },
    {
      "id": "c103",
      "name": "Vasculitis"
    },
    {
      "id": "c104",
      "name": "Water and Electrolyte Disorders"
    },
    {
      "id": "c105",
      "name": "White Coat Ceremony – Beyaz Önlük Giyme Töreni"
    }
  ]
}