{
  "instructors": [
    {
      "id": "i001",
      "name": "Abdüssamet ÇELEBİ",
      "title": ""
    },
    {
      "id": "i002",
      "name": "Abidin GÜNDOĞDU",
      "title": ""
    },
    {
      "id": "i003",
      "name": "Ahmet Anıl ŞAHİN",
      "title": ""
    },
    {
      "id": "i004",
      "name": "Aida SHİKHALİYEVA",
      "title": ""
    },
    {
      "id": "i005",
      "name": "Akın IŞIK",
      "title": ""
    },
    {
      "id": "i006",
      "name": "Ali Emre ATICI",
      "title": ""
    },
    {
      "id": "i007",
      "name": "Ali Kaan GÜREN",
      "title": ""
    },
    {
      "id": "i008",
      "name": "Ali Serdar FAK",
      "title": ""
    },
    {
      "id": "i009",
      "name": "Altuğ ÇİNÇİN",
      "title": ""
    },
    {
      "id": "i010",
      "name": "Arda BAYAR",
      "title": ""
    },
    {
      "id": "i011",
      "name": "Arzu VELİOĞLU",
      "title": ""
    },
    {
      "id": "i012",
      "name": "Aslı KARATAŞ",
      "title": ""
    },
    {
      "id": "i013",
      "name": "Aslı Nur BAHAR",
      "title": ""
    },
    {
      "id": "i014",
      "name": "Aslı TUFAN ÇİNÇİN",
      "title": ""
    },
    {
      "id": "i015",
      "name": "Asu Fergün YILMAZ",
      "title": ""
    },
    {
      "id": "i016",
      "name": "Ayhan KOL",
      "title": ""
    },
    {
      "id": "i017",
      "name": "Ayşegül AVCU",
      "title": ""
    },
    {
      "id": "i018",
      "name": "Baha Tolga DEMİRBAŞ",
      "title": ""
    },
    {
      "id": "i019",
      "name": "Barış CAN",
      "title": ""
    },
    {
      "id": "i020",
      "name": "Berrin CEYHAN",
      "title": ""
    },
    {
      "id": "i021",
      "name": "Beste ÖZBEN",
      "title": ""
    },
    {
      "id": "i022",
      "name": "Beste ÖZBEN SADIÇ",
      "title": ""
    },
    {
      "id": "i023",
      "name": "Bilge Ada ÖZCAN",
      "title": ""
    },
    {
      "id": "i024",
      "name": "Biochemistry",
      "title": ""
    },
    {
      "id": "i025",
      "name": "Buket ERTÜRK ŞENGEL",
      "title": ""
    },
    {
      "id": "i026",
      "name": "Burak AKSU",
      "title": ""
    },
    {
      "id": "i027",
      "name": "Burak PAÇACI",
      "title": ""
    },
    {
      "id": "i028",
      "name": "Burcu ATEŞ",
      "title": ""
    },
    {
      "id": "i029",
      "name": "Bülent DEMİRELLİ",
      "title": ""
    },
    {
      "id": "i030",
      "name": "Bülent MUTLU",
      "title": ""
    },
    {
      "id": "i031",
      "name": "Büşra CAN",
      "title": ""
    },
    {
      "id": "i032",
      "name": "Canan CİMŞİT",
      "title": ""
    },
    {
      "id": "i033",
      "name": "Caner ÇINAR",
      "title": ""
    },
    {
      "id": "i034",
      "name": "Cansu UZUNKONAK",
      "title": ""
    },
    {
      "id": "i035",
      "name": "Cansu YILDIZ",
      "title": ""
    },
    {
      "id": "i036",
      "name": "Cardiology",
      "title": ""
    },
    {
      "id": "i037",
      "name": "Cardiovascular Surgery",
      "title": ""
    },
    {
      "id": "i038",
      "name": "Ceren GÜREN",
      "title": ""
    },
    {
      "id": "i039",
      "name": "Chest Medicine",
      "title": ""
    },
    {
      "id": "i040",
      "name": "Chest Surgery",
      "title": ""
    },
    {
      "id": "i041",
      "name": "Coşkun  ÖZER  DEMİRTAŞ",
      "title": ""
    },
    {
      "id": "i042",
      "name": "Coşkun Özer DEMİRTAŞ",
      "title": ""
    },
    {
      "id": "i043",
      "name": "Cumhur YEĞEN",
      "title": ""
    },
    {
      "id": "i044",
      "name": "Derya KOCAKAYA",
      "title": ""
    },
    {
      "id": "i045",
      "name": "Dietitian",
      "title": ""
    },
    {
      "id": "i046",
      "name": "Dilek  BARUTÇU ATAŞ",
      "title": ""
    },
    {
      "id": "i047",
      "name": "Dilek BARUTÇU ATAŞ",
      "title": ""
    },
    {
      "id": "i048",
      "name": "Dilek GOGAS YAVUZ",
      "title": ""
    },
    {
      "id": "i049",
      "name": "Dilek Gogas YAVUZ",
      "title": ""
    },
    {
      "id": "i050",
      "name": "Dilek YAĞCI ÇAĞLAYIK",
      "title": ""
    },
    {
      "id": "i051",
      "name": "Dilek ÇAĞLAYIK",
      "title": ""
    },
    {
      "id": "i052",
      "name": "Ebru AŞICIOĞLU",
      "title": ""
    },
    {
      "id": "i053",
      "name": "Elif  DEMİRBAŞI",
      "title": ""
    },
    {
      "id": "i054",
      "name": "Elif T. TİGEN",
      "title": ""
    },
    {
      "id": "i055",
      "name": "Elif TİGEN",
      "title": ""
    },
    {
      "id": "i056",
      "name": "Elvan SAYIN",
      "title": ""
    },
    {
      "id": "i057",
      "name": "Emel ERYÜKSEL",
      "title": ""
    },
    {
      "id": "i058",
      "name": "Emine BOZKURTLAR",
      "title": ""
    },
    {
      "id": "i059",
      "name": "Emine BOZKURTLAR/ Muhammed HASAN TOPER Pathology",
      "title": ""
    },
    {
      "id": "i060",
      "name": "Emre GÜREL",
      "title": ""
    },
    {
      "id": "i061",
      "name": "Emre ÇAPAR",
      "title": ""
    },
    {
      "id": "i062",
      "name": "Endocrinology",
      "title": ""
    },
    {
      "id": "i063",
      "name": "Erdem YALÇINKAYA",
      "title": ""
    },
    {
      "id": "i064",
      "name": "Eren İMRE",
      "title": ""
    },
    {
      "id": "i065",
      "name": "Erkam KOCAASLAN",
      "title": ""
    },
    {
      "id": "i066",
      "name": "Esra Dicle KAYA",
      "title": ""
    },
    {
      "id": "i067",
      "name": "Ezgi  ÇOBAN",
      "title": ""
    },
    {
      "id": "i068",
      "name": "Ezgi ÇOBAN",
      "title": ""
    },
    {
      "id": "i069",
      "name": "Fadime YILMAZ",
      "title": ""
    },
    {
      "id": "i070",
      "name": "Fatma  ALİBAZ",
      "title": ""
    },
    {
      "id": "i071",
      "name": "Fatma ALİBAZ",
      "title": ""
    },
    {
      "id": "i072",
      "name": "Fatma TEMİZ",
      "title": ""
    },
    {
      "id": "i073",
      "name": "Fergün YILMAZ",
      "title": ""
    },
    {
      "id": "i074",
      "name": "Gastroenterology",
      "title": ""
    },
    {
      "id": "i075",
      "name": "Gen. Surgery",
      "title": ""
    },
    {
      "id": "i076",
      "name": "General Surgery",
      "title": ""
    },
    {
      "id": "i077",
      "name": "Goncagül HAKLAR",
      "title": ""
    },
    {
      "id": "i078",
      "name": "Group 2A",
      "title": ""
    },
    {
      "id": "i079",
      "name": "Group 2B",
      "title": ""
    },
    {
      "id": "i080",
      "name": "Gökhan TAZEGÜL",
      "title": ""
    },
    {
      "id": "i082",
      "name": "Hakkı ARIKAN",
      "title": ""
    },
    {
      "id": "i083",
      "name": "Halil ATAŞ",
      "title": ""
    },
    {
      "id": "i084",
      "name": "Halit YARDIMCI",
      "title": ""
    },
    {
      "id": "i085",
      "name": "Haluk Tarık KANİ",
      "title": ""
    },
    {
      "id": "i086",
      "name": "Handan KAYA",
      "title": ""
    },
    {
      "id": "i087",
      "name": "Haner DİRESKENELİ",
      "title": ""
    },
    {
      "id": "i088",
      "name": "Harun ÇOBAN",
      "title": ""
    },
    {
      "id": "i089",
      "name": "Haydar Kamil ÇAM/ Yusuf  ŞENOĞLU",
      "title": ""
    },
    {
      "id": "i090",
      "name": "Hazal ŞALVA",
      "title": ""
    },
    {
      "id": "i091",
      "name": "Hülya GÖZÜ",
      "title": ""
    },
    {
      "id": "i092",
      "name": "Hülya KARADAĞ",
      "title": ""
    },
    {
      "id": "i093",
      "name": "Hüseyin ARIKAN",
      "title": ""
    },
    {
      "id": "i094",
      "name": "Infect Dis.",
      "title": ""
    },
    {
      "id": "i095",
      "name": "Infectious Diseases",
      "title": ""
    },
    {
      "id": "i096",
      "name": "Işık ATAGÜNDÜZ",
      "title": ""
    },
    {
      "id": "i097",
      "name": "Koray AK",
      "title": ""
    },
    {
      "id": "i098",
      "name": "Lütfiye MULAZIMOĞLU",
      "title": ""
    },
    {
      "id": "i099",
      "name": "Lütfiye MÜLAZIMOĞLU",
      "title": ""
    },
    {
      "id": "i100",
      "name": "Medical Oncology",
      "title": ""
    },
    {
      "id": "i101",
      "name": "Mehmet KOÇ",
      "title": ""
    },
    {
      "id": "i102",
      "name": "Mert ÖZDEMİR",
      "title": ""
    },
    {
      "id": "i104",
      "name": "Murat DEMİRCİ",
      "title": ""
    },
    {
      "id": "i105",
      "name": "Murat SARI",
      "title": ""
    },
    {
      "id": "i106",
      "name": "Murat TUĞCU",
      "title": ""
    },
    {
      "id": "i107",
      "name": "Mustafa Alperen TUNÇ",
      "title": ""
    },
    {
      "id": "i108",
      "name": "Mustafa ERDOĞAN",
      "title": ""
    },
    {
      "id": "i109",
      "name": "Mustafa ÜMİT UĞURLU/ Halit YARDIMCI",
      "title": ""
    },
    {
      "id": "i110",
      "name": "Nazım DEMİRCAN",
      "title": ""
    },
    {
      "id": "i111",
      "name": "Nephrology",
      "title": ""
    },
    {
      "id": "i112",
      "name": "Nevsun İNANÇ",
      "title": ""
    },
    {
      "id": "i113",
      "name": "Neşe İMERYÜZ",
      "title": ""
    },
    {
      "id": "i114",
      "name": "Nurten SAYAR",
      "title": ""
    },
    {
      "id": "i115",
      "name": "Oncology Outpatient Clinics",
      "title": ""
    },
    {
      "id": "i116",
      "name": "Osman KÖSTEK",
      "title": ""
    },
    {
      "id": "i117",
      "name": "Osman ÖZDOĞAN",
      "title": ""
    },
    {
      "id": "i119",
      "name": "Pamir ATAGÜNDÜZ",
      "title": ""
    },
    {
      "id": "i120",
      "name": "Pathology",
      "title": ""
    },
    {
      "id": "i121",
      "name": "Program Coordinators",
      "title": ""
    },
    {
      "id": "i122",
      "name": "Psychiatry",
      "title": ""
    },
    {
      "id": "i123",
      "name": "Pınar EREL",
      "title": ""
    },
    {
      "id": "i124",
      "name": "Radiation Oncology",
      "title": ""
    },
    {
      "id": "i126",
      "name": "Rana Berru ÖZİNCE",
      "title": ""
    },
    {
      "id": "i127",
      "name": "Sait KARAKURT",
      "title": ""
    },
    {
      "id": "i128",
      "name": "Semih ÖZEROL",
      "title": ""
    },
    {
      "id": "i129",
      "name": "Serhan TUĞLULAR",
      "title": ""
    },
    {
      "id": "i130",
      "name": "Sibel ZARALI",
      "title": ""
    },
    {
      "id": "i131",
      "name": "Sports Physiology",
      "title": ""
    },
    {
      "id": "i132",
      "name": "Tarık KANİ",
      "title": ""
    },
    {
      "id": "i133",
      "name": "Tayfur TOPTAŞ",
      "title": ""
    },
    {
      "id": "i134",
      "name": "Thoracic Surgery",
      "title": ""
    },
    {
      "id": "i135",
      "name": "Tunç LAÇİN",
      "title": ""
    },
    {
      "id": "i136",
      "name": "Turgay ÇELİKEL",
      "title": ""
    },
    {
      "id": "i137",
      "name": "Uluhan SİLİ",
      "title": ""
    },
    {
      "id": "i138",
      "name": "Umut Sabri KASAPOĞLU",
      "title": ""
    },
    {
      "id": "i139",
      "name": "Urology",
      "title": ""
    },
    {
      "id": "i140",
      "name": "Vedat BAYOĞLU",
      "title": ""
    },
    {
      "id": "i141",
      "name": "Yasin YILDIZ",
      "title": ""
    },
    {
      "id": "i142",
      "name": "Yağmur Göksoy SOLAK",
      "title": ""
    },
    {
      "id": "i143",
      "name": "Yeşim ALAHDAB",
      "title": ""
    },
    {
      "id": "i144",
      "name": "Yeşim AĞYOL",
      "title": ""
    },
    {
      "id": "i145",
      "name": "Zekaver ODABAŞI",
      "title": ""
    },
    {
      "id": "i146",
      "name": "Zekeriya DOĞAN",
      "title": ""
    },
    {
      "id": "i147",
      "name": "Zerrin ÖZGEN/ İlknur ÇETİN",
      "title": ""
    },
    {
      "id": "i148",
      "name": "Zeynep Beşışık YILMAZ",
      "title": ""
    },
    {
      "id": "i149",
      "name": "Zeynep MERCANCI",
      "title": ""
    },
    {
      "id": "i150",
      "name": "Çağrı KAFKAS",
      "title": ""
    },
    {
      "id": "i151",
      "name": "Ömer YANARTAŞ",
      "title": ""
    },
    {
      "id": "i152",
      "name": "Önder ŞİRİKÇİ",
      "title": ""
    },
    {
      "id": "i153",
      "name": "Özlem DEMİRCİOĞLU",
      "title": ""
    },
    {
      "id": "i154",
      "name": "Özlem ÜSTAY",
      "title": ""
    },
    {
      "id": "i155",
      "name": "Özlen ATUĞ",
      "title": ""
    },
    {
      "id": "i156",
      "name": "Ümit ÖZTÜRK",
      "title": ""
    },
    {
      "id": "i157",
      "name": "Şehnaz OLGUN YILDIZELİ",
      "title": ""
    },
    {
      "id": "i158",
      "name": "Şehnaz Olgun YILDIZELİ",
      "title": ""
    }
  ]
}